profile_id,score,date_text,comment,source_url,section_id
P001,10.0,6 Février 2026,"Je l’ai rencontrée aujourd’hui pour la première fois à Vannes. C’est une femme encore plus belle en vrai, très séduisante, pleine de charme et avec une silhouette remarquable. Le moment partagé a été naturel et très agréable. Elle est ponctuelle, fiable et très attentive à la qualité du temps passé avec le client. Une très belle découverte, j’y retournerai avec plaisir.",https://www.meslibertines.com/comments/index/1/section/profiles/section_id/1734527/page5.html,1734527
P005,10.0,20 Août 2025,"J’ai rencontré Sophie pour la deuxième fois à Évreux et j’ai de nouveau passé un très agréable moment en sa compagnie. Elle est une personne charmante, respectueuse et attentionnée. Nous avons partagé une coupe de champagne dans une ambiance détendue, sans aucune contrainte de temps, et elle m’a offert un excellent massage. Merci Sophie",https://www.meslibertines.com/comments/index/1/section/profiles/section_id/1734527/page10.html,1734527
P010,10.0,30 Juillet 2026,"Belle rencontre cet après midi avec elle. Fille vraiment mignonne, douce , sensuelle et formidable . J'ai été satisfait pour 1h , elle respecte bien les prestations et elle a un hygiène irréprochable avec son appartement bien propre. Je ne peux que la recommander😊💕",https://www.meslibertines.com/comments/index/1/section/profiles/section_id/1816160/,1816160
P014,10.0,10 Juin 2026,"Très bon rendez-vous obtenu assez rapidement. Je confirme qu’elle a beaucoup de charme et un côté très séduisant. Le massage est réalisé avec enthousiasme, dans une ambiance joueuse et complice. Elle ne regarde pas constamment l’horloge, ce qui permet de profiter pleinement du moment. Une heure très agréable passée en sa compagnie. Je recommande.",https://www.meslibertines.com/comments/index/1/section/profiles/section_id/1816160/,1816160
P018,10.0,4 Mai 2025,"Accueil très chaleureux, et franchement ça compte beaucoup pour se sentir bien dès le départ. Nous étions tous les deux sur la meme longueur d'onde et le feeling était très bon. Une beauté qui respecte ses engagement et niveau service il est vrai qu'elle prône la qualité avant tout. La suite fut délicieuse et j'en garde les détails pour moi. Sans doute la meilleure que j'ai jamais rencontré. Merci. Bisous 😘",https://www.meslibertines.com/comments/index/1/section/profiles/section_id/427482/,427482
P020,10.0,20 Décembre 2025,"Elle est une fille super belle. Il a un charme assez intéressant qui le rend rapidement désirable. Tout cela pour dire que je n'étais pas en retard avec elle. Son massage est bon et appliqué. Du côté des avantages, je le testais dans toutes les positions. Elle les a toutes acceptées, donc la fille était docile. Une bonne note pour la miss pour soný bon accueil et son service de qualité",https://www.meslibertines.com/comments/index/1/section/profiles/section_id/1048690/,1048690
P021,10.0,13 Juillet 2026,"Une vraie perle 🤩 Belle,🥰 drôle, 😍gentille🤩 et incroyablement naturelle.😘 Une complicité immédiate, comme si on se connaissait depuis toujours. Je recommande les yeux fermés prenez soin de cette beauté, elle est unique. J’espère te revoir bientôt 💋💋💋💋💋💋💋💋💋💋💋💋💋💋💋💋 je vous la recommande.",https://www.meslibertines.com/comments/index/1/section/profiles/section_id/1423940/,1423940
P022,10.0,12 Juillet 2026,"Le RDV a ete pris facilement. Elle est vraiment conforme aux photos. C'est une jeune et jolie magnifique, au joli visage, cambree. Dress code respecte. Nous avons vite fait connaissance avant de passer aux choses serieuses. Pour le massage rien a dire que du tres haut de gamme! Moment tres agreable. Elle a vraiment ete tres agreable!💋💋💋💋💋",https://www.meslibertines.com/comments/index/1/section/profiles/section_id/1423940/,1423940
P033,10.0,6 Août 2026,"J'ai mis du temps a me laisser tenter par un rdv avec elle. Je n'ai pas été déçu. Elle vous accueille dans une tenue trés envoutante, elle sait parfaitement jouer de ses charmes pour votre plus grand plaisir. Elle a un corps à croquer, une cambrure divine. Tres agréable a caresser et pas seulement... Son massage est tres agreable aussi mais j'ai surtout découvert une femme tres agreable fraîche, pétillante, un brin espiegle qui fait toit son charme. J'ai eu un bon feeling. Je suis sorti avec des idees plein la tete et déjà l'envie de la revoir. Je crois que je vais prendre ma carte de fidelité. Prenez soin d'elle et soyez respecteux. Elle le mérite. 😘😈",https://www.meslibertines.com/comments/index/1/section/profiles/section_id/2765826/,2765826
P040,10.0,19 Avril 2022,"J'ai rencontré cette belle dame et le moins que je puisse dire c'est que cette rencontre a déjà été à la hauteur de mes attentes. très souriante et accueillante, surtout selon son profil. Le rendez-vous s'est déroulé dans une ambiance agréable, c'est une hygiène irréprochable, douce avec de belles formes, un corps de rêve. Elle est très attentive aux désirs de son partenaire et respecte la durée du service. Je vous reverrai dès que possible, c'est garanti.",https://www.meslibertines.com/comments/index/1/section/profiles/section_id/333592/,333592
P058,10.0,27 Août 2026,"Pour la deuxième fois, j’ai passé un excellent moment avec Sabrina.Très accueillante, douce et à l’écoute, elle a su répondre à mes attentes avec beaucoup de tendresse et de gentillesse. Une belle complicité et un agréable moment de détente. Au plaisir de la revoir. 😉",https://www.meslibertines.com/comments/index/1/section/profiles/section_id/544782/,544782
P063,10.0,26 Août 2026,"Une jeune femme formidable, un vrai plaisir de collaborer avec elle. Très ponctuelle, polie et attentionnée. On voit qu'elle sait vraiment comment s'y prendre avec les clients et créer une ambiance agréable. Merci pour cet accueil chaleureux ❤️",https://www.meslibertines.com/comments/index/1/section/profiles/section_id/3410549/,3410549
P064,10.0,18 Août 2026,"Une vraie créature de reve, elle m'a recu dans un appartement sympa dans une belle petite tenue. Elle réalise toutes les prestations qu'elle propose avec une telle qualité qu'on se laisse vraiment aller. De manière générale, son attitude est particulièrement sympathique et détendue, et sa conversation réellement intéressante. Physiquement, elle a de quoi faire monter la température à peine arriver, tres souriante et entreprenante elle encaisse très bien et bouge super bien. Une fille vraiment professionnelle.",https://www.meslibertines.com/comments/index/1/section/profiles/section_id/1109757/,1109757
P065,10.0,5 Août 2026,"Rendez-vous hier en fin de journée, très agréable comme toujours. Dresscode respecté, accueil chaleureux... Elle est super sympa, très attentionnée... Encore un bon moment, je l'adore ! Je serais bien resté plus longtemps... A refaire encore",https://www.meslibertines.com/comments/index/1/section/profiles/section_id/1109757/,1109757
P068,10.0,13 Juillet 2026,"J'ai rencontré cette femme très récemment et je tenais à partager mon expérience. Pour commencer : c'est la jeune femme sur les photos, souriante et charmante. J'ai passé une heure en sa compagnie, à déguster un verre de vin et à bavarder. Cette jeune femme m'a captivé et m'a fait me sentir au paradis. Son service était excellent ; elle était toujours souriante et a respecté les conditions et l'horaire convenus. J'y retournerai bientôt !",https://www.meslibertines.com/comments/index/1/section/profiles/section_id/2619500/,2619500
P076,10.0,28 Mars 2025,"C'est la première fois que je la rencontre et je doit dire que je suit très agréablement surpris. Bienveillante super pro et douée dans tout ce qu'elle fait pour rendre le moment passé avec elle magique. Physique donnant super envie, elle est telle que sur les photos qui sont réelles. L'accueil hot et de qualité, comme tout le reste de la prestation qui est globalement de très bonne facture. Niveaux services c'est ce qui est demandé et dans le bon registre, et de bon changements d'attitudes, c'est agréable une femme qui maitrise tant de plaisirs et de plus très joueuse. Testé deux heures je pourais repasser pour peux être d'avantage de temps si mon planning me le permet",https://www.meslibertines.com/comments/index/1/section/profiles/section_id/1597815/,1597815
P079,10.0,12 Août 2026,Bonjour les garçons regarder bien ces photos c est encore mieux en vrai. Elle est incroyablement respectueuse douce et très calme. Très coquine 😈 très active et aussi un délice quand elle est passive. Elle possède un corps de rêve et sont visage est incroyablement féminin. J'ai passer un moment très agréable avec elle et je retournerai la voir très rapidement car elle est régulièrement à Lyon. faites lui honneur et prenez soins d elle. Elle vous le rendra au centuple,https://www.meslibertines.com/comments/index/1/section/profiles/section_id/3108746/,3108746
P081,10.0,4 Juillet 2025,"C'est du très beau et du tres lourd, une femme vraiment captivante super attachante et vraiment très chaude. Photo 100% réelle et conformes. Le rdv est rapidement confirmé quand on respecte les consignes, l'ambiance superbe, les service et le niveau de la prestation du très haut de game avec tout ce qui était promis à été realiser. Je recommande vivement ce plan parfait avec une femme terriblement belle !",https://www.meslibertines.com/comments/index/1/section/profiles/section_id/1457755/,1457755
P086,10.0,12 Avril 2026,"J'ai trouvé un moment pour profiter de la belle et j'espère la revoir plus souvent et longuement. Elle est simplement sublime et des services que je confirme, très bonne qualité de massage, largement au-dessus de la moyenne avec une belle envie de faire bien et de partages. La partie social time très bonne la partie intime parfaite.",https://www.meslibertines.com/comments/index/1/section/profiles/section_id/1751623/,1751623
P094,10.0,1 Août 2026,Très belle rencontre avec Alessia charmante douce et facile à mettre en confiance elle est fidèle à son profil prend le temps de discuter et reste attentionnée du début à la fin une personne sérieuse discrète et agréable je recommande sans hésiter vous ne serez pas déçus merci encore et à bientôt,https://www.meslibertines.com/comments/index/1/section/profiles/section_id/3050604/,3050604
P095,10.0,26 Juillet 2026,J'ai rencontré Alessia récemment et j'ai passé un excellent moment elle est ponctuelle très accueillante souriante et met rapidement à l'aise conforme à ses photos très soignée et agréable à discuter une personne respectueuse discrète et professionnelle je la recommande sans hésitation à ceux qui recherchent une belle expérience merci encore je reviendrai avec plaisir,https://www.meslibertines.com/comments/index/1/section/profiles/section_id/3050604/,3050604
P100,10.0,10 Juin 2026,"« Rarement rencontré une personne aussi professionnelle et attentionnée. Elle possède un véritable sens du savoir-vivre et sait s'adapter à différentes situations avec aisance. Son charme, son intelligence et sa bienveillance rendent chaque échange naturel et agréable. Je garde un excellent souvenir de cette rencontre et la recommande sans hésitation. »",https://www.meslibertines.com/comments/index/1/section/profiles/section_id/2126384/,2126384
P102,10.0,5 Juin 2026,"« Une dame d'un grand raffinement, ponctuelle, courtoise et extrêmement professionnelle. Chaque échange s'est déroulé avec élégance et naturel. Son charisme, son éducation et son sens de l'écoute font toute la différence. Une rencontre mémorable qui se distingue par sa classe et son authenticité. Je la recommande vivement à une clientèle exigeante recherchant une expérience premium. »",https://www.meslibertines.com/comments/index/1/section/profiles/section_id/2126384/,2126384
P103,10.0,31 Mai 2026,"Une personne charmante, souriante et très respectueuse. Les échanges ont été fluides et naturels, ce qui a rendu la rencontre particulièrement agréable. Son professionnalisme est évident et elle prend le temps d'écouter les attentes de ses clients. J'ai apprécié sa discrétion, sa gentillesse et sa capacité à instaurer un climat de confiance. Une expérience positive que je recommande sans hésitation.",https://www.meslibertines.com/comments/index/1/section/profiles/section_id/2126384/,2126384
P105,10.0,20 Mai 2026,"Une expérience absolument mémorable avec une femme d’une rare élégance. Elle est encore plus belle que sur ses photos, avec un charme naturel et une présence qui attirent immédiatement l’attention. Mais ce qui la distingue vraiment, c’est sa personnalité : douce, intelligente, respectueuse et incroyablement agréable à côtoyer. Elle sait créer une ambiance détendue où l’on se sent valorisé et écouté. La soirée s’est déroulée avec beaucoup de complicité, de rires et de conversations intéressantes. Tout semblait authentique et spontané. Son professionnalisme, sa discrétion et son attention aux détails montrent clairement son niveau de qualité. Une rencontre haut de gamme qui mérite largement tous les compliments possibles. Je recommande cette femme les yeux fermés à toute personne recherchant une compagnie raffinée et sincère. ».",https://www.meslibertines.com/comments/index/1/section/profiles/section_id/2126384/,2126384
P108,10.0,30 Avril 2023,"J'ai rencontré belle fille hier soir, Un véritable ange d'ébène Elle est jolie, gentille, à l'écoute et respecte ses engagements, a une voix qu'on écoute toute la journée et un petit rire qui égaie les journées les plus grises. Tout se passe bien, de l'arrivée au départ. On s'est tout de suite senti à l'aise, elle écoute et s'intéresse à ce que l'on dit. En bref, le temps social est grand. Et la suite est encore meilleure. Pas mécanique, pas chrono 1h est passé trop vite Un de mes meilleurs rendez-vous avec une escorte, je ne peux que vous le recommander.",https://www.meslibertines.com/comments/index/1/section/profiles/section_id/1293083/,1293083
P114,10.0,1 Septembre 2026,"J'ai rencontré cette Trans authentique et naturelle sans artifices, très sensuelle avec de magnifiques formes féminines J'ai besoin que les photos soient 100% réelles tout de suite L'accueil est souriant, chaleureux et le moment passé en sa douce compagnie était d'excellente qualité Elle s'implique, se met une douceur très féminine, ta peau toute douce, ton corps divin délicieux avec une magnifique poitrine naturelle !!! Bref, un rendez-vous sophistiqué avec une très belle fille ! Tu l'as fait, j'adore ! Je vous recommande d'y aller pour qu'elle s'occupe bien de vous ! A bientôt ma chérie 😘",https://www.meslibertines.com/comments/index/1/section/profiles/section_id/2815487/,2815487
P116,10.0,2 Février 2026,"Tout est réel et tout est respecté. Elle m'a fait entrer dans son univers pour une heure inoubliable. Douce, belle, très agréable, on aimerait la garder pour soi là 😹. Je vous place dans mon top 1 parce que vous êtes de loin le meilleur rendez-vous que j'ai jamais eu. J'espère avoir la chance de vous revoir, de revoir ces belles courbes. Vous êtes exceptionnelle restez telle que vous êtes! Gros bisous 😘",https://www.meslibertines.com/comments/index/1/section/profiles/section_id/2815487/,2815487
P119,10.0,6 Septembre 2026,"Wooool dinguerie cette rencontre. Je m'attendais à un faux plan comme toujours mais j'ai été agréablement surpris. Accueil chaleureux, cadre propre avec une belle deco d'intérieur. On s'y sent très à l'aise. Quand à la prestation, je dirai qu'elle était exceptionnelle pour moi en tout. Je repars satisfait en léger. Merci ma belle pour ton professionnalisme. A très bientôt. Bisous",https://www.meslibertines.com/comments/index/1/section/profiles/section_id/1849209/,1849209
P128,10.0,21 Mai 2026,"revue pour la deuxième fois elle me ramène les rayons de soleil pour me réchauffer le cœur de son amour 🥰 !!! 😊😊 ! Souriante en permanence, d'une gentillesse sans faille !!! notre corps a corps s'engage. Je ne détaillerai pas nos échanges mais j'ai encore a l'esprit tout ce qu'il s'est passé et j'ai été très rarement comblé, comme je l'ai été 🤩🤩. Je viens de découvrir une perle Latine comme on en fait plus, nos rendez-vous vont être nombreux et aussi fréquents que possible 😁. Tout est gravé dans ma mémoire😍😍. Je t'embrasse tendrement, attendant avec impatience notre prochaine rencontre, aussi folle que celle d'aujourd'hui ❤️❤️💋💋. Prends bien soin de toi.",https://www.meslibertines.com/comments/index/1/section/profiles/section_id/1671541/,1671541
P134,10.0,24 Septembre 2025,"Sandra est une belle femme , très courtoise, réceptive, sensuelle et joueuse. avec un physique de rêve, et elle est très naturelle dans sa façon de faire les choses. Elle a la peau douce,ses massages sont réalisés avec une extrême douceur, c'est un vrai plaisir... Très sensuelle, avec un corps sexy et un service de grande qualité ! Elle peut faire plaisir jusqu'à la fin et ne boude pas son plaisir ! Je recommande vivement avec plaisir. Les gars vous pouvez essayé de la rencontrer, c'est une fille de confiance. Elle est très respectueuse, sa satisfaction c'est à 100%.♥️♥️",https://www.meslibertines.com/comments/index/1/section/profiles/section_id/1050145/,1050145
P136,10.0,7 Mai 2026,"J'en sors et je m'empresse de laisser un commentaire, tellement de belles choses à dire sur cette fille, je vais a l'essentiel, belle, douce, souriante, elle sait vous mettre a l'aise,une hygiène irréprochable, l'appartement est propre,,bref j' y retournerais. Prend soins de toi Ton rdv de 10h",https://www.meslibertines.com/comments/index/1/section/profiles/section_id/2166654/,2166654
P146,10.0,"aujourd'hui, 12:38","Je recommande vivement,🌹 Au top, je viens de terminer un rendez-vous d'une heure, respect de la durée et demandes, c'était la femme sur la photo, le temps, le massage sont exquis, tout le reste j'étais très satisfait. Bises merci pour la douche, tu es tellement à croquer ❤️.",https://www.meslibertines.com/comments/index/1/section/profiles/section_id/2238865/,2238865
P148,10.0,"Mercredi, 20:09","Bel accueil, souriante et présentation impeccable. Je la trouve bien préparée et très attrayante. Le service suit et les promesses sont bien respectées par Chanel. C'est comme une petite amie avec la touche de piment qui va bien, elle sait doser et exécuter une belle prestation niveau intime très valorisante. Très joueuse j'ai eu du mal à me retenir quand elle s'est dévoilée physiquement une très belle femme. Je retournerai pour une revanche plus longue et moi plus en forme.",https://www.meslibertines.com/comments/index/1/section/profiles/section_id/2238865/,2238865
P155,10.0,17 Août 2026,"Une rencontre au-delà de mes attentes. Elle est aussi belle que charmante, avec une hygiène parfaite et un accueil des plus raffinés. On se sent rapidement en confiance grâce à son attitude douce et rassurante. Elle maîtrise parfaitement l’art de faire monter l’intensité tout en restant élégante et attentive. Service respecté, implication totale et moment inoubliable. Je reviendrai sans hésiter.❤️",https://www.meslibertines.com/comments/index/1/section/profiles/section_id/3197575/,3197575
P157,10.0,16 Juin 2026,"Franchement, rien à dire, tout est parfaitement respecté. Hygiène irréprochable, très professionnelle et surtout super agréable. Elle sait vraiment mettre à l’aise et offrir un moment de qualité. Très douce mais aussi pleine de surprise… prestations au top, elle maîtrise clairement ce qu’elle fait 😉 Et alors le physique… encore mieux en vrai : un corps de folie, des formes incroyables avec un derrière à tomber, et un visage vraiment mignon. Une vraie pépite, je recommande les yeux fermés.",https://www.meslibertines.com/comments/index/1/section/profiles/section_id/3197575/,3197575
P161,10.0,23 Mai 2026,"Je l'ai rencontrée récemment. Elle est exactement comme sur ses photos, adorable et très gentille, et elle a respecté tous nos engagements. C'est une experte en sexe oral ; on se sent comme avec sa copine. De mon côté, j'ai senti qu'elle s'y prenait avec passion et enthousiasme. Franchement, elle ne m'a pas déçu du tout, et on a même pu discuter un peu, ce qui était très agréable. Je la recommande ; prenez soin d'elle, elle le mérite.",https://www.meslibertines.com/comments/index/1/section/profiles/section_id/3117625/,3117625
P166,10.0,12 Juin 2026,"Superbe rencontre avec une femme aussi charmante qu’attentionnée. Très à l’écoute, douce et impliquée, elle sait parfaitement mettre à l’aise et offrir un moment de grande qualité. Son talent, sa sensualité et son envie de faire plaisir rendent l’expérience particulièrement mémorable. Tout s’est déroulé dans une ambiance agréable, avec beaucoup de complicité et de naturel. Une personne que je recommande sans hésiter et que je reverrai avec grand plaisir, merci Anna",https://www.meslibertines.com/comments/index/1/section/profiles/section_id/2598989/,2598989
P168,10.0,19 Novembre 2025,"Le rendez-vous de 15h a été absolument parfait, une expérience vraiment agréable du début à la fin. Elle dégage une élégance et une présence chaleureuse qui mettent immédiatement à l’aise. Son professionnalisme se ressent dans chaque détail, et elle prend soin de rendre chaque moment plaisant et confortable. Sa gentillesse, sa douceur et son attention font que l’on se sent vraiment écouté et respecté. Elle sait créer une atmosphère détendue et authentique, où tout semble naturel et agréable. C’est un vrai plaisir d’échanger et de passer du temps avec elle, et je garderai un excellent souvenir de ce rendez-vous",https://www.meslibertines.com/comments/index/1/section/profiles/section_id/1662756/,1662756
P174,10.0,12 Janvier 2024,"J'ai eu la chance de revoir la miss aujourd'hui. Un superbe sourire et regard à me faire fondre et une chute de reins à damner un saint ..... Le massage est parfait , appuyé comme il faut , elle est douceur et savoir faire , la conclusion est explosive , j'ai vecu ne experiance de grande qualité . Je n'ai qu'une hate , me remettre entre ses mains ...... Pas mécontent de l'avoir trouvé ! Merci mademoiselle 🔥",https://www.meslibertines.com/comments/index/1/section/profiles/section_id/1355717/,1355717
P176,10.0,20 Juin 2024,"Superbe jeune femme douce, gentille, et agréable à regarder nue.elle est encore plus belle en réelle d origine espagnole. Elle est pas chrono du tout. Elle prend son temps pour vous faire plaisir et passer un bon moment agréable malgré ma fatigue Elle s'est bien occupée de moi. En plus elle est pas trop chère prix très abordable. Elle est très discrète vis-à-vis des voisins et c'est super. La seule inconvénients c'est qu il y a trop de vis-à-vis en journée vaux mieux la voir la nuit c'est plus distraits. Bisous ma belle merci pour ce beau moment. Tiens moi au courant quand tu changera l adresse d accueil car j aimerai bien te revoir",https://www.meslibertines.com/comments/index/1/section/profiles/section_id/1875655/,1875655
P190,10.0,1 Juillet 2026,"J'ai rencontré cest fille, c'est un amour de femme. Prend soin de vous, ouverte au dialogue et surtout ne regarde pas la montre. Très belle femme comme sur les photos voir encore mieux, un régal. Vous pouvez y aller les yeux fermés et une hygiène impeccable. Très pro et très sympathique, un très jolie corps",https://www.meslibertines.com/comments/index/1/section/profiles/section_id/1897857/,1897857
P192,10.0,2 Septembre 2026,"Super moment passée avec cette jolie demoiselle, une jeune femme tres acceuillante , douce, souriante , et tres entreprenante , c est un ange qui ce transforme rapidement en diablesse. Super prestations fait avec envie, soyez en forme elle et très gourmande ☺️ je recommande et prenez soin d’elle et elle vous le rendra ! Au plaisir de se revoir, a bientôt ma belle",https://www.meslibertines.com/comments/index/1/section/profiles/section_id/918400/,918400
P197,10.0,27 Novembre 2024,"J'ai fait une belle découverte de cette beauté cet après-midi.Une femme très classe, sont sourire et son attitude rendent très à l'aise qui deviens coquine rapidement. Je confirme ses photos sont réelles et conformes, elle est plus belle en direct. Elle a un hygiène irréprochable et son appartement est bien propre et soigneux.On est dans le haut de gamme, Maria est très belle et physiquement parfaite. Les services sont comme on s'attends et j'en suis pleinement satisfait, ainsi que la durée de mon rdv la facilitée de la rencontre et la grande discretion , elle n'est pas chrono. J'y retournerai sans aucune hésitation. Bisous Maria ❤️❤️",https://www.meslibertines.com/comments/index/1/section/profiles/section_id/1669731/,1669731
P198,10.0,26 Juillet 2024,Ce fut tellement bon la première fois que j'y suis retourné mais cette fois ci en lui demandant d'utiliser ses accessoires. Elle m'a directement accueilli en tenue súper sexi. On a tout de suite commencer le round alors que je n'avais pas encore enlevé ma veste. Mmmm. M'obligeant à manger littéralement son délicieux sexe. C'est une déesse mélangeant la domination et la douceur. Une perle. Photos 100% Respecte le timming. Ne répond pas au téléphone. Superbement recommandable. Une vraie princesse qui aime ce qu elle fait,https://www.meslibertines.com/comments/index/1/section/profiles/section_id/1669731/,1669731
P201,10.0,3 Juillet 2026,"Bianca est incroyable toute douce toute gentille c'est bien la fille des photos et encore vous voyez pas tout elle est magnifique et un regard à vous faire fondre sur place ^^. Une peau douce , de beaux yeux et un sourire magnifique. L'heure passe beaucoup trop vite. J'y retournerai c'est certains !! Prenez soin d'elle surtout. En dehors de la prestation, j’ai apprécié la personne en elle-même, elle est charmante et à l’écoute. Je t'embrasse fort avec passion. Merci ma belle et à très bientôt. Sur Dunkerque STP",https://www.meslibertines.com/comments/index/1/section/profiles/section_id/1407170/,1407170
P202,10.0,26 Avril 2026,"Rebonjour, je viens d'aller voir cette Dame cette après midi. Cette gente dame vous accueille comme un Roi dans une ambiance sympathique et chaleureuse . Cette Dame est vraiment accueillante, aimable et douce . Les photos sont réelles à 100 % . J'ai adoré la prestation c'était parfait. C'était ma première fois, je recommande cette Dame les yeux fermés. Passez une agréable après midi Ton rendez vous de 13 h 20",https://www.meslibertines.com/comments/index/1/section/profiles/section_id/2491161/,2491161
P203,10.0,22 Juin 2026,Belle femme avec de jolies formes très attentionnée très propre et très sympathique. Elle est très à l'écoute de vos attentes. Et c'est bien la femme des photos. A recommander et à refaire. Personnellement je recommande 1 heure minimum. Bisous ma belle Ton rendez-vous de 12h15,https://www.meslibertines.com/comments/index/1/section/profiles/section_id/1687870/,1687870
P204,10.0,26 Juillet 2025,"Rencontre très agréable, tout comme la demoiselle. Elle vous mets tout de suite à l'aise. Elle est très courtoise l'accueil vraiment parfait. Une superbe connexion entre tout les deux, car je la trouve extraordinairement prévenante, elle vous demande toujours ce que vous aimez, ou le comprend très vite. Elle est bien réelle et conforme. J'ai été reçu dans un appartement bien propre et elle a un hygiène irréprochable. Prestations bien respectées et de haut gamme, elle très efficace, professionnelle et bien perfectionnée et elle a même un caractère bien affirmé qui pimente agréablement la rencontre. Elle est vraiment captivante et polyvalente (à la fois active et passive).Je recommande vivement 💓",https://www.meslibertines.com/comments/index/1/section/profiles/section_id/881962/,881962
P205,10.0,18 Juin 2023,"Rencontrée aujourd’hui dans son appartement très clean. Fille très belle, mieux que sur les photos, et très sympathique, abordable, bon social time. Massage et prestations au top. J'espère la revoir un jour ! Prenez soin d'elle !",https://www.meslibertines.com/comments/index/1/section/profiles/section_id/1458608/,1458608
