id,first_name,last_name,birth_date,city_france
1,Gérard,Giraud,1992-01-13,Besançon
2,Aristide,Daumier,1955-03-23,Bordeaux
3,Orlando,Sampaio,1992-07-11,La Rochelle
4,Rémy,Orteaux,1966-11-22,Grenoble
5,Florian,Dupuis,1959-02-01,Biarritz
6,Hilario,Zúñiga,1983-08-27,Amiens
7,Geoffrey,Bramwell,1986-09-10,Toulouse
8,Vicente,Romero,1984-10-20,Rouen
9,Fabio,De Luca,1982-01-04,Reims
10,Arnaud,Bertin,1981-07-08,Versailles
11,Arkady,Bogdanov,1975-01-10,Villeurbanne
12,Benito,Toledo,1958-01-07,Narbonne
13,Dominique,Vasseur,1965-09-28,Perpignan
14,Noël,Berthelot,1970-01-05,Montpellier
15,Vsevolod,Zorin,1984-12-19,Avignon
16,Corentin,Thibault,1963-12-07,Le Havre
17,Manuel,Faria,1974-10-12,Colmar
18,Damien,Colin,1969-05-10,Brest
19,Jean-Noël,Monnier,1960-10-23,Lyon
20,Prosper,Laroque,1955-04-22,Orléans
21,Wolfgang,Krieger,1981-08-07,Lille
22,Ramón,Ortega,1957-11-08,Pau
23,Nigel,Northcott,1989-05-28,Angers
24,Salvador,Llorente,1975-05-10,Béziers
25,Stuart,Davenport,1979-05-19,Limoges
26,Terrence,Norwood,1985-06-17,Nice
27,Tiziano,Donati,1975-11-06,Caen
28,Álvaro,Serrano,1976-07-03,Toulon
29,Amaury,Beaumont,1989-06-27,Cannes
30,Francesco,Toscani,1962-10-13,Clermont-Ferrand
31,Egon,Franke,1957-06-11,Chartres
32,Rodolfo,Sequeira,1976-02-04,Metz
33,Giovanni,Fontana,1989-07-27,Strasbourg
34,Vasco,Leitão,1981-05-09,Poitiers
35,Dario,Rossi,1965-12-27,Dijon
36,Gonzalo,Gallego,1976-10-31,Valence
37,Célian,Mériaux,1988-07-01,Tours
38,Prudencio,Franco,1991-11-14,Marseille
39,Clément,Chevalier,1960-05-26,Mulhouse
40,Isidore,Lambert,1952-02-07,Rennes
41,Jochen,Lindner,1968-02-15,Bayonne
42,Dmitri,Dmitriev,1958-09-04,Nîmes
43,César,Urbina,1958-08-05,Le Mans
44,Léon,Rivière,1970-11-01,Annecy
45,Geoffroy,Garnier,1988-05-02,Nantes
46,Edmund,Eversham,1978-06-23,Nancy
47,Camille,Estève,1985-05-18,Saint-Étienne
48,Valentin-Louis,Villedieu,1969-04-10,Antibes
49,Severino,Mendoza,1969-03-11,Aix-en-Provence
50,Gustave,Jacquet,1979-09-16,Paris
51,Martim,Ferreira,1972-06-24,Besançon
52,Aleksandr,Abramov,1971-04-30,Bordeaux
53,Serge,Ancel,1973-03-21,La Rochelle
54,Semyon,Gromov,1963-07-10,Grenoble
55,Ulrich,Keller,1966-02-25,Biarritz
56,François-Xavier,Faucher,1960-07-25,Amiens
57,Yves-Marie,Caillet,1978-02-23,Toulouse
58,Vasili,Medvedev,1961-06-20,Rouen
59,Ruslan,Filatov,1988-12-29,Reims
60,Lorenzo,Gallo,1955-06-21,Versailles
61,Emanuel,Viana,1959-01-02,Villeurbanne
62,Valentin,Marceau,1986-05-13,Narbonne
63,Émeric,Houdard,1968-12-11,Perpignan
64,Arthur,Bodin,1960-08-24,Montpellier
65,Gareth,Hawthorne,1972-12-21,Avignon
66,Xabier,Ojeda,1968-10-12,Le Havre
67,Ian,Drummond,1972-03-26,Colmar
68,Raoul,Montfort,1954-06-26,Brest
69,Bastien,Roussel,1984-07-22,Lyon
70,Caetano,Bragança,1956-02-17,Orléans
71,Augusto,Barroso,1982-12-30,Lille
72,Benedict,Beaumont,1986-07-12,Pau
73,Matteo,Lombardi,1964-07-05,Angers
74,Aníbal,Matos,1962-03-17,Béziers
75,Raymond,Lansdowne,1974-11-11,Limoges
76,Ismael,Ramalho,1971-01-30,Nice
77,Guillaume,Guérin,1982-05-04,Caen
78,Frederick,Fairchild,1979-02-18,Toulon
79,Maxence,Allard,1983-12-25,Cannes
80,Lazare,Cormier,1970-06-04,Clermont-Ferrand
81,Pyotr,Ermolov,1970-12-01,Chartres
82,Dominic,Darlington,1971-03-01,Metz
83,Umberto,Fabbri,1989-02-27,Strasbourg
84,Massimo,Valentini,1964-12-02,Poitiers
85,Bruno,Albrecht,1956-05-17,Dijon
86,Léandre,Renaudin,1952-09-04,Valence
87,Roger,Guillot,1957-12-08,Tours
88,André,Benoist,1955-02-21,Marseille
89,Wilfried,Aubert,1970-04-05,Mulhouse
90,Yves,Prévost,1956-12-13,Rennes
91,Torsten,Wagner,1975-02-09,Bayonne
92,Kenneth,Forsyth,1983-01-29,Nîmes
93,Anatoly,Baranov,1971-08-28,Le Mans
94,Zacharie,Fargeot,1956-03-18,Annecy
95,Carlo,Brunetti,1958-07-06,Nantes
96,Jérôme,Noiret,1964-03-07,Nancy
97,Évariste,Vial,1973-01-20,Saint-Étienne
98,Esteban,Escudero,1980-09-11,Antibes
99,Marc,Tessier,1967-04-21,Aix-en-Provence
100,Lars,Scholz,1981-02-08,Paris
101,Gontran,Bréval,1989-12-24,Besançon
102,Hervé,Lacombe,1981-09-06,Bordeaux
103,Martin,Vidal,1961-07-20,La Rochelle
104,Sergio,Caprioli,1973-08-18,Grenoble
105,Quirin,Hérault,1987-07-07,Biarritz
106,Firmin,Aymard,1976-11-30,Amiens
107,Jacques,Lemaire,1974-12-11,Toulouse
108,Nicanor,Durán,1977-08-27,Rouen
109,Enguerrand,Delaunay,1957-10-09,Reims
110,Bento,Bettencourt,1988-06-01,Versailles
111,Gaspar,Benítez,1981-03-10,Villeurbanne
112,Théodore,Legrand,1984-02-23,Narbonne
113,Oscar,Marlowe,1976-06-03,Perpignan
114,Basile,Bourgeois,1991-08-16,Montpellier
115,Miles,Montgomery,1966-04-26,Avignon
116,Enrico,De Angelis,1975-08-08,Le Havre
117,Quentin,Dupré,1959-07-01,Colmar
118,Héctor,Herrera,1973-04-20,Brest
119,Boris,Chernov,1955-07-21,Lyon
120,Jean-Louis,Martel,1969-06-09,Orléans
121,Denis,Yakovlev,1953-07-01,Lille
122,Gaëtan,Forestier,1984-03-24,Pau
123,Markus,Schröder,1977-11-25,Angers
124,Nestor,Estourneau,1969-07-09,Béziers
125,Rupert,Somerset,1983-10-26,Limoges
126,Icare,Bérault,1967-08-19,Nice
127,Damián,Delgado,1990-04-23,Caen
128,Mikhail,Nikiforov,1976-12-30,Toulon
129,Maksim,Morozov,1953-02-01,Cannes
130,Lucien,Roy,1969-12-06,Clermont-Ferrand
131,Bernd,Lange,1967-01-21,Chartres
132,Vincent,Pélissier,1982-08-02,Metz
133,Leandro,Resende,1971-10-27,Strasbourg
134,Faustino,Alonso,1954-12-23,Poitiers
135,Eduardo,Camacho,1985-08-16,Dijon
136,Rafael,Ibáñez,1954-10-24,Valence
137,Filippo,Santoro,1985-10-15,Tours
138,Gaël,Lassalle,1979-07-18,Marseille
139,Sacha,Zeller,1964-08-04,Mulhouse
140,Georges,Gauthier,1967-05-21,Rennes
141,Teodoro,Molina,1963-09-08,Bayonne
142,Félix-Antoine,Voisin,1965-03-02,Nîmes
143,Grigory,Kalinin,1988-10-30,Le Mans
144,Harold,Kirkwood,1968-11-11,Annecy
145,Nikolai,Orlov,1952-01-08,Nantes
146,Francis,Yarborough,1962-07-15,Nancy
147,Jean-Philippe,Morel,1968-04-15,Saint-Étienne
148,Cesare,Romano,1974-08-13,Antibes
149,Brice,Carpentier,1983-09-26,Aix-en-Provence
150,Yegor,Panov,1976-04-04,Paris
151,Étienne,Delattre,1983-03-30,Besançon
152,Tancrède,Lefort,1982-10-01,Bordeaux
153,Igor,Karpov,1980-03-14,La Rochelle
154,Emilio,Zamora,1972-11-21,Grenoble
155,Jean-Luc,Masson,1960-11-22,Biarritz
156,Máximo,Crespo,1958-11-03,Amiens
157,Romain,Hardy,1984-06-22,Toulouse
158,Vittorio,Leone,1986-11-09,Rouen
159,Eduard,Fedorov,1952-12-03,Reims
160,German,Safonov,1958-04-07,Versailles
161,Thierry,Lemoine,1991-01-18,Villeurbanne
162,Cedric,Chamberlain,1990-02-22,Narbonne
163,Lawrence,Langford,1991-05-18,Perpignan
164,Warren,Winchester,1974-05-15,Montpellier
165,Valère,Vermorel,1967-02-20,Avignon
166,Hippolyte,Lacroix,1964-09-03,Le Havre
167,Martin,Huxley,1989-03-29,Colmar
168,Alban,Bazin,1966-08-24,Brest
169,Vianney,Dumoulin,1978-12-20,Lyon
170,Vicente,Lemos,1987-06-07,Orléans
171,Jeremy,Everett,1959-12-28,Lille
172,Michel,Arnaud,1961-11-17,Pau
173,Yann,Pons,1958-03-08,Angers
174,Grégoire,Grandjean,1961-12-17,Béziers
175,Eusebio,Torres,1977-03-30,Limoges
176,Kurt,Meier,1986-06-12,Nice
177,Elio,Sala,1979-10-16,Caen
178,Helmut,Kaiser,1984-09-20,Toulon
179,Tobias,Ziegler,1964-06-05,Cannes
180,Leandro,Lara,1957-08-10,Clermont-Ferrand
181,Cyprien,Colbert,1958-12-03,Chartres
182,Yannick,Béraud,1985-12-14,Metz
183,Domingo,Valdés,1963-11-07,Strasbourg
184,Gunther,Dietrich,1978-08-22,Poitiers
185,Léopold,Ribot,1986-04-13,Dijon
186,Viktor,Smirnov,1967-10-18,Valence
187,Vyacheslav,Novikov,1981-06-08,Tours
188,Benoît,Bouvier,1954-03-28,Marseille
189,Abélard,Grenier,1989-09-25,Mulhouse
190,Roberto,Moretti,1964-10-03,Rennes
191,Santiago,Paredes,1965-08-29,Bayonne
192,Luc,Dargent,1966-09-23,Nîmes
193,Angelo,Bellini,1973-10-17,Le Mans
194,Régis,Nivelle,1957-03-13,Annecy
195,Graham,Granville,1988-04-02,Nantes
196,Célestin,Charpentier,1960-01-27,Nancy
197,Alistair,Ashcroft,1978-11-20,Saint-Étienne
198,Sébastien,Joly,1982-02-03,Antibes
199,Gennaro,Vannucci,1982-06-03,Aix-en-Provence
200,Alberto,Rinaldi,1990-11-19,Paris
201,Didier,Toussaint,1964-04-06,Besançon
202,Marcel,Valette,1984-11-19,Bordeaux
203,Hugo,Lafarge,1992-03-13,La Rochelle
204,Roland,Chadwick,1963-04-11,Grenoble
205,Roman,Popov,1985-03-19,Biarritz
206,Erik,Bergmann,1974-04-15,Amiens
207,Reginald,Radcliffe,1976-08-02,Toulouse
208,Norberto,Saldanha,1969-01-10,Rouen
209,Salvatore,Orlando,1972-09-22,Reims
210,Jacinto,Domínguez,1978-03-25,Versailles
211,Estevão,Cardoso,1974-02-14,Villeurbanne
212,Bruno,Bianchi,1963-03-12,Narbonne
213,Gaudry,Quillet,1977-02-28,Perpignan
214,Rémi,Gaudin,1989-11-24,Montpellier
215,Gilles,Néret,1980-01-14,Avignon
216,Federico,Esposito,1985-02-17,Le Havre
217,Rosendo,Luque,1965-05-01,Colmar
218,Aubin,Imbert,1975-03-11,Brest
219,Evgeny,Gavrilov,1976-09-01,Lyon
220,Florent,Dumont,1963-06-10,Orléans
221,Paul,Charron,1953-06-01,Lille
222,Malcolm,Blackwood,1980-07-13,Pau
223,Wenceslas,Espinasse,1981-01-09,Angers
224,Bastian,Bachmann,1963-08-09,Béziers
225,Ludwig,Graf,1988-02-02,Limoges
226,Eckhard,Neumann,1977-04-29,Nice
227,Genaro,Yáñez,1962-04-16,Caen
228,Valentín,Nieto,1987-10-05,Toulon
229,Marius,Froment,1968-09-12,Cannes
230,Maurin,Sénéchal,1968-05-15,Clermont-Ferrand
231,Hartmut,Schäfer,1959-08-30,Chartres
232,Alessandro,Accardi,1980-11-10,Metz
233,Renaud,Gosselin,1953-04-02,Strasbourg
234,Adrien,Barbier,1992-06-11,Poitiers
235,Patrice,Chabert,1990-12-19,Dijon
236,Jean,Leroux,1956-10-14,Valence
237,Baltasar,Beltrán,1976-05-04,Tours
238,Franz,Gerber,1969-02-09,Marseille
239,Alonso,Aguilar,1954-05-27,Mulhouse
240,Riccardo,Martini,1956-06-16,Rennes
241,Leonard,Goodwin,1952-08-05,Bayonne
242,Sidney,Mansfield,1985-07-17,Nîmes
243,Fyodor,Grigoriev,1988-08-31,Le Mans
244,Stefano,Palumbo,1972-04-25,Annecy
245,Pablo,Hidalgo,1988-09-30,Nantes
246,François,Durieux,1968-03-16,Nancy
247,Manfred,Hartmann,1974-03-16,Saint-Étienne
248,Niccolò,Vitali,1956-01-18,Antibes
249,Wilhelm,Winter,1954-09-24,Aix-en-Provence
250,Howard,Caldwell,1968-08-13,Paris
251,Kilian,Chastel,1960-02-26,Besançon
252,Zakhar,Rodionov,1965-01-01,Bordeaux
253,Konstantin,Lebedev,1991-04-18,La Rochelle
254,Jules,Picard,1977-12-25,Grenoble
255,Hector,Olivier,1974-07-14,Biarritz
256,Artem,Voronin,1953-10-29,Amiens
257,Rémy-Louis,Ybert,1955-10-20,Toulouse
258,Odon,Isnard,1988-11-29,Rouen
259,Fabien,Delmas,1976-10-01,Reims
260,Tristan,Mallet,1971-07-29,Versailles
261,Rudolf,Voss,1991-10-15,Villeurbanne
262,Jean-François,Marchand,1987-11-04,Narbonne
263,Quentin,Nightingale,1990-03-24,Perpignan
264,Dietrich,Becker,1991-03-19,Montpellier
265,Gaspard,Fontaine,1953-03-03,Avignon
266,Dorian,Noblet,1971-05-30,Le Havre
267,Ilya,Kuznetsov,1961-03-22,Colmar
268,Giacomo,Ferrari,1971-03-31,Brest
269,Mateo,Maldonado,1974-01-15,Lyon
270,Augustin,Bonnet,1952-03-08,Orléans
271,Côme,Clément,1972-10-22,Lille
272,Olivier-Marc,Jourdain,1992-05-12,Pau
273,Olivier,Boissier,1975-12-06,Angers
274,Andrei,Belov,1991-02-17,Béziers
275,Teodoro,Tavares,1961-10-18,Limoges
276,Fermín,Ferrer,1957-07-11,Nice
277,António,Azevedo,1970-12-31,Caen
278,Rui,Freitas,1990-06-22,Toulon
279,Leopoldo,Bravo,1981-11-05,Cannes
280,Joachim,Perrier,1960-06-25,Clermont-Ferrand
281,Victor,Pasquier,1979-11-15,Chartres
282,Dionisio,Salas,1959-06-01,Metz
283,Lourenço,Ribeiro,1973-02-19,Strasbourg
284,Vincent,Prescott,1955-08-20,Poitiers
285,Claudio,Caruso,1952-04-07,Dijon
286,Oliver,Pembroke,1963-10-08,Valence
287,Maël,Dumay,1981-10-06,Tours
288,Percival,Redgrave,1967-07-20,Marseille
289,Vincenzo,Parisi,1963-02-10,Mulhouse
290,Bruno,Quintana,1985-11-14,Rennes
291,Trevor,Wetherby,1983-05-29,Bayonne
292,Corrado,Pagani,1979-12-15,Nîmes
293,Peter,Kingsley,1975-04-10,Le Mans
294,Filipe,Carvalho,1958-10-04,Annecy
295,Duncan,Ainsworth,1959-10-29,Nantes
296,Hans,Engel,1972-01-25,Nancy
297,Stéphane,Laborde,1984-01-24,Saint-Étienne
298,Afonso,Albuquerque,1959-07-31,Antibes
299,Aymon,Jonquet,1975-07-09,Aix-en-Provence
300,Gerhard,Richter,1960-12-22,Paris
301,Raffaele,Barone,1956-08-15,Besançon
302,Duarte,Cabral,1971-09-27,Bordeaux
303,Isidro,Iglesias,1977-10-26,La Rochelle
304,Agustín,Prieto,1955-12-19,Grenoble
305,Adalric,Huguet,1990-08-21,Biarritz
306,Pietro,Zanetti,1959-11-28,Amiens
307,Eugène,Delorme,1953-05-02,Toulouse
308,Blaise,Brunet,1976-01-05,Rouen
309,Raúl,Zagalo,1961-08-19,Reims
310,Álvaro,Amaral,1973-09-17,Versailles
311,Ludovic,Sauvage,1967-11-17,Villeurbanne
312,Jean-Baptiste,Lesage,1956-09-14,Narbonne
313,Marco,Giordano,1969-11-06,Perpignan
314,Octave,Hamel,1969-09-07,Montpellier
315,Achim,Zimmermann,1987-12-04,Avignon
316,Louis,Rousseau,1980-12-10,Le Havre
317,Gonçalo,Castro,1986-03-14,Colmar
318,Alexandre,Beaulieu,1961-01-21,Brest
319,Michele,Venturi,1962-12-12,Lyon
320,Gautier,Fournier,1983-02-28,Orléans
321,Francis,Belmont,1987-03-09,Lille
322,Joaquim,Correia,1982-10-31,Pau
323,Onésime,Ferrand,1982-11-30,Angers
324,Jean-Marc,Mercier,1954-07-26,Béziers
325,Gennady,Ivanov,1972-05-25,Limoges
326,Félis,Peyron,1982-04-04,Nice
327,Norbert,Gervais,1973-07-19,Caen
328,Nuno,Fonseca,1972-02-24,Toulon
329,Pierre,Dufour,1963-01-11,Cannes
330,Lev,Belyaev,1959-04-02,Clermont-Ferrand
331,Oleg,Pavlov,1962-05-16,Chartres
332,Américo,Andrade,1972-07-24,Metz
333,Mathieu,Vigneron,1981-04-09,Strasbourg
334,Stanislav,Semenov,1985-01-18,Poitiers
335,Werner,Krause,1986-12-09,Dijon
336,Raphaël,Fleury,1964-01-07,Valence
337,Thibault,Lévêque,1976-03-05,Tours
338,Fernand,Josselin,1952-10-04,Marseille
339,Sylvain,Sabatier,1983-11-25,Mulhouse
340,Simon,Templeton,1977-05-29,Rennes
341,Detlef,Mayer,1962-09-13,Bayonne
342,Carlos,Moraes,1991-07-17,Nîmes
343,Ulysse,Vautrin,1979-08-17,Le Mans
344,Kirill,Zaitsev,1977-06-28,Annecy
345,Javier,Jiménez,1962-02-15,Nantes
346,Daniele,Colombo,1967-12-17,Nancy
347,Baptiste,Boulanger,1991-12-14,Saint-Étienne
348,Aurélien,Boucher,1953-12-28,Antibes
349,Jean-Michel,Michaud,1965-05-31,Aix-en-Provence
350,Maurice,Villard,1986-08-11,Paris
351,Jocelyn,Chanteloup,1955-09-19,Besançon
352,Valdemar,Teixeira,1973-05-20,Bordeaux
353,Falk,Pfeiffer,1954-02-26,La Rochelle
354,Loïc,Roche,1974-06-14,Grenoble
355,Pavel,Petrov,1980-08-12,Biarritz
356,Éloi,Orsini,1953-09-29,Amiens
357,Miguel,Figueiredo,1975-06-09,Toulouse
358,Curt,Drescher,1966-05-26,Rouen
359,Gilberto,Peixoto,1953-01-02,Reims
360,Matthias,Heinrich,1974-09-12,Versailles
361,Giorgio,Serra,1987-08-06,Villeurbanne
362,René,Gilbert,1952-11-03,Narbonne
363,Clovis,Sorel,1971-06-29,Perpignan
364,Johann,Fischer,1967-06-20,Montpellier
365,Timur,Kiselev,1981-12-05,Avignon
366,Yuri,Tarasov,1951-09-10,Le Havre
367,Tomás,Quesada,1988-01-03,Colmar
368,Klaus,Frank,1957-09-09,Brest
369,Otto,Sommer,1962-08-14,Lyon
370,Leonid,Makarov,1953-08-30,Orléans
371,Domenico,Rossetti,1962-11-12,Lille
372,Walter,Salisbury,1990-07-22,Pau
373,Fabián,Vega,1956-04-17,Angers
374,Valerio,Gentile,1988-03-03,Béziers
375,Ivo,Xavier,1970-02-04,Limoges
376,Fulgence,Kermorvan,1989-10-25,Nice
377,Yevgeny,Vasiliev,1960-04-26,Caen
378,Numa,Talon,1978-07-23,Toulon
379,Bérenger,Breton,1963-05-11,Cannes
380,Éric,Verdier,1957-05-12,Clermont-Ferrand
381,Belmiro,Moniz,1955-01-22,Chartres
382,Lorenzo,Estévez,1987-01-08,Metz
383,Clifford,Underwood,1952-05-07,Strasbourg
384,Rostislav,Tikhonov,1954-01-27,Poitiers
385,Philémon,Waroquier,1977-01-29,Dijon
386,Antoine,Berger,1960-09-23,Valence
387,Ludovico,Zaccaria,1958-02-06,Tours
388,Antonio,Benedetti,1978-01-24,Marseille
389,Xavier,Perrot,1983-06-28,Mulhouse
390,Germain,Montaigne,1984-05-23,Rennes
391,Neville,Lockwood,1966-06-25,Bayonne
392,Joris,Brissot,1952-06-06,Nîmes
393,Félix,Desforges,1961-09-18,Le Mans
394,Jean-Pierre,Moulin,1987-02-07,Annecy
395,Douglas,Westbrook,1953-11-28,Nantes
396,Théophile,Tournier,1984-04-23,Nancy
397,Barnabé,Lorin,1966-01-26,Saint-Étienne
398,Rudolph,Quenot,1972-08-23,Antibes
399,Rainer,Hoffmann,1957-01-12,Aix-en-Provence
400,Adriano,Macedo,1956-11-13,Paris
401,Gabriel,Faure,1970-08-03,Besançon
402,Vladimir,Sokolov,1959-05-02,Bordeaux
403,Silvio,Cattaneo,1978-05-24,La Rochelle
404,Honoré,Péron,1990-09-20,Grenoble
405,Cédric,Charbonneau,1982-07-03,Biarritz
406,Gottfried,Herzog,1987-09-05,Amiens
407,Manuel,Fuentes,1954-11-23,Toulouse
408,Leone,Testa,1980-02-13,Rouen
409,Alcides,Magalhães,1960-03-27,Reims
410,Jorge,Cunha,1952-07-06,Versailles
411,Fabrice,Deschamps,1955-05-22,Villeurbanne
412,Roland,Paulet,1980-06-13,Narbonne
413,Yaroslav,Volkov,1973-11-16,Perpignan
414,Hugh,Harrington,1968-06-14,Montpellier
415,Tomás,Lacerda,1989-01-28,Avignon
416,Christoph,Bauer,1965-01-31,Le Havre
417,Cyrille,Frémont,1962-01-16,Colmar
418,Konrad,Schneider,1964-11-02,Brest
419,Bertrand,Saint-Clair,1961-02-20,Lyon
420,Armand,Bernard,1978-04-24,Orléans
421,Friedrich,Brandt,1970-10-02,Lille
422,Valentin,Sidorov,1964-02-06,Pau
423,Jürgen,Schmidt,1959-03-03,Angers
424,Édouard,Cordier,1978-09-21,Béziers
425,Arnold,Sherwood,1980-05-13,Limoges
426,Lancelot,Clairmont,1986-01-13,Nice
427,Orphée,Vauclair,1958-06-06,Caen
428,Norman,Ingram,1969-08-08,Toulon
429,Nicolás,Navarro,1956-07-16,Cannes
430,Volker,Koch,1989-08-26,Clermont-Ferrand
431,Nazar,Vinogradov,1982-03-05,Chartres
432,Wesley,Fitzgerald,1967-09-18,Metz
433,Egas,Noronha,1979-03-20,Strasbourg
434,Norbert,Seidel,1954-08-25,Poitiers
435,Armin,Kuhn,1967-03-22,Dijon
436,Salvador,Gouveia,1959-09-29,Valence
437,Sergei,Romanov,1965-11-27,Tours
438,Siegfried,Vogel,1973-12-16,Marseille
439,Julian,Kensington,1992-08-10,Mulhouse
440,Alphonse,Raymond,1992-02-12,Rennes
441,Hilaire,Auvray,1987-05-08,Bayonne
442,Fernando,Pacheco,1966-03-27,Nîmes
443,Émile,Cousin,1985-04-18,Le Mans
444,Alexei,Alekseev,1965-04-01,Annecy
445,Nicolas,Bailly,1990-01-23,Nantes
446,Xavier,Valente,1964-05-06,Nancy
447,Ovidio,Escribano,1954-04-27,Saint-Étienne
448,Victor,Ellington,1975-10-07,Antibes
449,Bohdan,Uvarov,1991-06-17,Aix-en-Provence
450,Andrea,Baldini,1970-07-04,Paris
451,Norberto,Gálvez,1990-05-23,Besançon
452,Tikhon,Zhukov,1984-08-21,Bordeaux
453,Diogo,Nogueira,1990-10-20,La Rochelle
454,Zacarias,Vasconcelos,1986-10-10,Grenoble
455,Philippe,Courtois,1958-05-07,Biarritz
456,Adalbert,Adler,1983-04-29,Amiens
457,Elliot,Whitmore,1986-02-12,Toulouse
458,Arsène,Blanchard,1977-07-28,Rouen
459,Charles,Chauveau,1968-01-16,Reims
460,Reinhard,Stein,1971-12-26,Versailles
461,Marin,Évrard,1992-09-09,Villeurbanne
462,Guy,Cazenave,1985-09-15,Narbonne
463,Ettore,Russo,1980-10-11,Perpignan
464,Vadim,Loginov,1975-09-07,Montpellier
465,Uwe,Weber,1979-04-19,Avignon
466,Julien,Poirier,1970-03-06,Le Havre
467,Emanuele,Costa,1951-12-09,Colmar
468,Ignacio,Cortés,1977-09-26,Brest
469,Samuel,Ravel,1973-06-19,Lyon
470,Achille,Aubry,1965-10-28,Orléans
471,Cristóbal,Cabrera,1971-11-26,Lille
472,Alfredo,Almeida,1983-07-28,Pau
473,Dietmar,Ehrlich,1965-06-30,Angers
474,Davide,Conti,1987-04-08,Béziers
475,Simeon,Bourdon,1965-07-30,Limoges
476,Camilo,Reyes,1955-11-19,Nice
477,Stefan,Jäger,1979-01-19,Caen
478,Robert,Granger,1979-06-18,Toulon
479,Matvey,Danilov,1951-10-10,Cannes
480,Théophile-Marie,Cailly,1969-10-07,Clermont-Ferrand
481,Abel,Lourenço,1988-07-31,Chartres
482,Lionel,Robin,1992-04-12,Metz
483,Horácio,Queirós,1966-07-25,Strasbourg
484,Pacôme,Godelier,1970-05-05,Poitiers
485,Lorenz,Reuter,1980-04-13,Dijon
486,Amedeo,Mancini,1978-10-21,Valence
487,Artur,Mendonça,1961-05-21,Tours
488,Bernard,Thornbury,1970-09-02,Marseille
489,Laurent,Renard,1961-04-21,Mulhouse
490,Renato,Bernini,1968-07-14,Rennes
491,Joël,Perrin,1953-07-31,Bayonne
492,Henri,Joubert,1951-11-09,Nîmes
493,Valéry,Ménard,1962-06-15,Le Mans
494,Jacobin,Quéméner,1991-09-15,Annecy
495,Henrique,Coelho,1966-10-23,Nantes
496,Jean-Christophe,Marchal,1989-04-28,Nancy
497,Pascal,Bonhomme,1966-12-22,Saint-Étienne
498,Paolo,Marino,1982-09-01,Antibes
499,Anatole,Bélanger,1957-02-11,Aix-en-Provence
500,Denis,Giraudet,1957-04-12,Paris
